{"cameraMode":{"drawMode":0,"name":"Shaded","section":"Shading Mode"},"sceneLighting":true,"audioPlay":false,"sceneViewState":{"m_AlwaysRefresh":false,"showFog":true,"showSkybox":true,"showFlares":true,"showImageEffects":true,"showParticleSystems":true,"showVisualEffectGraphs":true,"m_FxEnabled":true},"in2DMode":false,"pivot":{"x":-2.4978132247924806,"y":3.1185638904571535,"z":-8.11854076385498},"rotation":{"x":0.29751935601234438,"y":-0.22822748124599458,"z":0.07342322915792465,"w":0.9243090748786926},"size":0.7104149460792542,"orthographic":false}