{"cameraMode":{"drawMode":0,"name":"Shaded","section":"Shading Mode"},"sceneLighting":true,"audioPlay":false,"sceneViewState":{"m_AlwaysRefresh":false,"showFog":true,"showSkybox":true,"showFlares":true,"showImageEffects":true,"showParticleSystems":true,"showVisualEffectGraphs":true,"m_FxEnabled":true},"in2DMode":false,"pivot":{"x":-3.262547731399536,"y":0.48318377137184145,"z":-5.075946807861328},"rotation":{"x":-0.48112571239471438,"y":0.009731771424412728,"z":-0.00534800672903657,"w":-0.876728355884552},"size":3.1746888160705568,"orthographic":false}