{"cameraMode":{"drawMode":0,"name":"Shaded","section":"Shading Mode"},"sceneLighting":true,"audioPlay":false,"sceneViewState":{"m_AlwaysRefresh":false,"showFog":true,"showSkybox":true,"showFlares":true,"showImageEffects":true,"showParticleSystems":true,"showVisualEffectGraphs":true,"m_FxEnabled":true},"in2DMode":false,"pivot":{"x":-1.6284079551696778,"y":18.114351272583009,"z":-9.850335121154786},"rotation":{"x":0.2282801866531372,"y":0.02774897590279579,"z":-0.006490875035524368,"w":0.9732100963592529},"size":2.547532320022583,"orthographic":false}