{"cameraMode":{"drawMode":0,"name":"Shaded","section":"Shading Mode"},"sceneLighting":true,"audioPlay":false,"sceneViewState":{"m_AlwaysRefresh":false,"showFog":true,"showSkybox":true,"showFlares":true,"showImageEffects":true,"showParticleSystems":true,"showVisualEffectGraphs":true,"m_FxEnabled":true},"in2DMode":false,"pivot":{"x":-1.9427615404129029,"y":0.6142903566360474,"z":-6.7512922286987309},"rotation":{"x":0.4480283260345459,"y":0.15169797837734223,"z":-0.07719065994024277,"w":0.8777920007705689},"size":2.547532320022583,"orthographic":false}