{"cameraMode":{"drawMode":0,"name":"Shaded","section":"Shading Mode"},"sceneLighting":true,"audioPlay":false,"sceneViewState":{"m_AlwaysRefresh":false,"showFog":true,"showSkybox":true,"showFlares":true,"showImageEffects":true,"showParticleSystems":true,"showVisualEffectGraphs":true,"m_FxEnabled":true},"in2DMode":false,"pivot":{"x":-2.213106155395508,"y":2.7138426303863527,"z":-6.776092529296875},"rotation":{"x":0.16060881316661836,"y":0.037928346544504169,"z":-0.00621411669999361,"w":0.9864439368247986},"size":0.7104149460792542,"orthographic":false}