{"cameraMode":{"drawMode":0,"name":"Shaded","section":"Shading Mode"},"sceneLighting":true,"audioPlay":false,"sceneViewState":{"m_AlwaysRefresh":false,"showFog":true,"showSkybox":true,"showFlares":true,"showImageEffects":true,"showParticleSystems":true,"showVisualEffectGraphs":true,"m_FxEnabled":true},"in2DMode":false,"pivot":{"x":-2.4581050872802736,"y":1.7666730880737305,"z":-7.68414831161499},"rotation":{"x":-0.5903714895248413,"y":0.04512736573815346,"z":-0.031867269426584247,"w":-0.8055525422096252},"size":1.1794376373291016,"orthographic":false}