{"cameraMode":{"drawMode":0,"name":"Shaded","section":"Shading Mode"},"sceneLighting":true,"audioPlay":false,"sceneViewState":{"m_AlwaysRefresh":false,"showFog":true,"showSkybox":true,"showFlares":true,"showImageEffects":true,"showParticleSystems":true,"showVisualEffectGraphs":true,"m_FxEnabled":true},"in2DMode":false,"pivot":{"x":0.027701854705810548,"y":1.3419272899627686,"z":5.627172946929932},"rotation":{"x":0.10769857466220856,"y":-0.8675621747970581,"z":0.21451185643672944,"w":0.4355717599391937},"size":3.886338710784912,"orthographic":false}